{
    "version": "2.0",
    "extensionBundle": {
      "id": "Microsoft.Azure.Functions.ExtensionBundle",
      "version": "[4.*, 5.0.0)"
    },
    "functionTimeout": "00:06:00",
    "logging": {
      "logLevel": {
          "Host": "Debug", 
          "Function": "Debug",
          "worker":"Debug"
      },
      "applicationInsights": {
        "samplingSettings": {
          "isEnabled": true,
          "excludedTypes": "Request"
        },
        "enableLiveMetricsFilters": true
      }
    },
    "extensions": {
      "http": {
        "routePrefix": ""
      },
      "queues": {
        "batchSize": 32,
        "maxDequeueCount": 4,
        "maxPollingInterval": "00:00:00.250",
        "visibilityTimeout": "00:00:01"
      }
    },
    "watchFiles": [
      "function_app.py"
    ]
  }