{
    "IsEncrypted": false,
    "Values": {
      "ENV": "dev",
      "APPLICATIONINSIGHTS_CONNECTION_STRING": "",
      "AzureWebJobsStorage": "",
      "FUNCTIONS_WORKER_RUNTIME": "python",
      "PYTHON_ENABLE_DEBUG_LOGGING": 1,
      "PYTHON_THREADPOOL_THREAD_COUNT": 5,
      "FUNCTIONS_WORKER_PROCESS_COUNT": 10,
      "PYTHON_ENABLE_WORKER_EXTENSIONS": true,
      "CosmosDbConnectionString": "AccountEndpoint=https://z-aas-aitr-shre-dva-ew1-cdb01.documents.azure.com:443/;AccountKey=i5dMHk1DnE5vZC3SUjrmSL4xBrzZ6ehWZkbDZzbyqe4qJYxCcsanA7QlyjITbO4JeGQdlqaitOp1ACDbfKvP0A==;",     
      "LOG_LEVEL": "DEBUG",
      "GUARDCONFIG_PATH": "example/demo/configs/guard_config.yaml",
      "QUERY_TOPIC_CONFIG": "configs\\validators\\settings.query_topic.yaml",
      "CALCULATION_LOGIC_CONFIG": "configs\\validators\\settings.calculation_logic.yaml",
      "GRAMMAR_CHECKER_CONFIG": "configs\\validators\\settings.grammar_checker.yaml",
      "ANSWER_RELEVANCE_CONFIG": "configs\\validators\\settings.answer_relevance.yaml",
      "PROMPT_INJECTION_CONFIG": "configs\\validators\\settings.prompt_injection.yaml",
      "FORMAT_CHECKER_CONFIG": "configs\\validators\\settings.format_checker.yaml",
      "CHUNKS_RELEVANCE_CONFIG": "configs\\validators\\settings.chunk_relevance.yaml",
      "KEYWORDS_FILTERING_CONFIG": "configs\\validators\\settings.keywords_filtering.yaml",
      "LANGUAGE_CHECKER_CONFIG": "configs\\validators\\settings.language_checker.yaml"
    },
    "Host": {
      "CORS": "*",
      "CORSCredentials": false,
      "LocalHttpPort": 8080
    }
}